variant,accuracy,error
L_1,0.5843999981880188,41.56%
L_2,0.6775000095367432,32.25%
L_4,0.3246999979019165,67.53%
L_8,0.4587000012397766,54.13%
L_16,0.7062000036239624,29.38%
L_32,0.6834999918937683,31.65%
